Model,Variable,StdBetaCoefficient,StdError,tValue,pValue,Significance,TSCorrelation,DirectionMatch,RSquared,AdjRSquared,FStatistic,F_pValue
VIF15_Corr0.6,SLOPE,-0.8712643724693836,0.3996321117872852,-2.1801660746750433,0.03287210316057046,*,-0.28205644578558814,TRUE,0.6533691106248912,0.6213724131441121,20.41989211597154,2.8286830864809723e-13
VIF15_Corr0.6,Solar,-0.07730612335751279,0.06243098710908819,-1.2382652739805742,0.22007136509052702,,0.20305213457716342,FALSE,0.6533691106248912,0.6213724131441121,20.41989211597154,2.8286830864809723e-13
VIF15_Corr0.6,h2oHiCascP,-0.4721875275460394,0.05171482233675311,-9.130603301144115,2.9187620370863897e-13,***,-0.7781816949824829,TRUE,0.6533691106248912,0.6213724131441121,20.41989211597154,2.8286830864809723e-13
VIF15_Corr0.6,Shrub21,0.09193447250021076,0.06213369151024746,1.4796235386247474,0.14380430312587392,,0.01767321448277069,TRUE,0.6533691106248912,0.6213724131441121,20.41989211597154,2.8286830864809723e-13
VIF15_Corr0.6,BurnRCA,-0.13710441064574466,0.07970947313660984,-1.7200516481995645,0.09018127354805335,.,-0.08320302557454584,TRUE,0.6533691106248912,0.6213724131441121,20.41989211597154,2.8286830864809723e-13
VIF15_Corr0.6,AgBuf,0.1395876192826925,0.11428044423881668,1.2214479932453741,0.22632814542214819,,0.4787381489022917,TRUE,0.6533691106248912,0.6213724131441121,20.41989211597154,2.8286830864809723e-13
