Model,Variable,StdBetaCoefficient,StdError,tValue,pValue,Significance,TSCorrelation,DirectionMatch,RSquared,AdjRSquared,FStatistic,F_pValue
VIF15_Corr0.8,SLOPE,-0.9654385638905836,0.40112732785699956,-2.4068132406943836,0.01881377674757422,*,-0.28205644578558814,TRUE,0.6120728649964257,0.5949584325697974,35.76355030296558,5.466710537692099e-14
VIF15_Corr0.8,h2oHiCascP,-0.4548441198360779,0.04529741627350232,-10.041281760746884,4.615076925504158e-15,***,-0.7781816949824829,TRUE,0.6120728649964257,0.5949584325697974,35.76355030296558,5.466710537692099e-14
VIF15_Corr0.8,BurnRCA,-0.08936529933026299,0.06900181172674524,-1.2951152599320057,0.1996603790410104,,-0.08320302557454584,TRUE,0.6120728649964257,0.5949584325697974,35.76355030296558,5.466710537692099e-14
