Model,Variable,StdBetaCoefficient,StdError,tValue,pValue,Significance,TSCorrelation,DirectionMatch,RSquared,AdjRSquared,FStatistic,F_pValue
VIF15_Corr0.7,SLOPE,-1.4313204401677513,0.571132998485519,-2.5061070608128104,0.01467968292079557,*,-0.28205644578558814,TRUE,0.3099947587170234,0.25772163437740403,5.930289467738372,1.378369028421833e-4
VIF15_Corr0.7,h2oLakesPe,-11.64485695943026,4.7388302575458905,-2.45732729947175,0.01663283544932282,*,-0.15386186555194964,TRUE,0.3099947587170234,0.25772163437740403,5.930289467738372,1.378369028421833e-4
VIF15_Corr0.7,WetlandsRC,-0.4062098635297856,0.19589831416262826,-2.0735750854525663,0.04202525532064822,*,0.21157795842117938,FALSE,0.3099947587170234,0.25772163437740403,5.930289467738372,1.378369028421833e-4
VIF15_Corr0.7,HiCascBuf,-0.41291937279098284,0.14021144742302066,-2.9449761797636755,0.004456789466371525,**,-0.4794946192899239,TRUE,0.3099947587170234,0.25772163437740403,5.930289467738372,1.378369028421833e-4
VIF15_Corr0.7,AbsAzimuth,-4.850287776155164e-4,3.52845258682506e-4,-1.3746217801723406,0.1738981019918089,,-0.22773646346616594,TRUE,0.3099947587170234,0.25772163437740403,5.930289467738372,1.378369028421833e-4
