Model,Variable,StdBetaCoefficient,StdError,tValue,pValue,Significance,TSCorrelation,DirectionMatch,RSquared,AdjRSquared,FStatistic,F_pValue
VIF15_Corr0.7,SLOPE,-0.9700235050410619,0.3885655618432115,-2.4964217117946035,0.01509002550095359,*,-0.28205644578558814,TRUE,0.6640477868574374,0.6330368133365855,21.41331636721847,1.0552646953611072e-13
VIF15_Corr0.7,h2oLakesPe,-6.11821860494018,3.893144373403362,-1.5715365314314487,0.12091355130662876,,-0.15386186555194964,TRUE,0.6640477868574374,0.6330368133365855,21.41331636721847,1.0552646953611072e-13
VIF15_Corr0.7,h2oHiCascP,-0.4038448224607059,0.04904892182806591,-8.233510695226434,1.1233978961664861e-11,***,-0.7781816949824829,TRUE,0.6640477868574374,0.6330368133365855,21.41331636721847,1.0552646953611072e-13
VIF15_Corr0.7,h2oWetland,6.7215263640822664,2.893798538321452,2.322734729136012,0.02333472555366107,*,0.23553679911380548,TRUE,0.6640477868574374,0.6330368133365855,21.41331636721847,1.0552646953611072e-13
VIF15_Corr0.7,Shrub21,0.16351888087711994,0.06004264134441756,2.7233792054406853,0.008288827848862541,**,0.01767321448277069,TRUE,0.6640477868574374,0.6330368133365855,21.41331636721847,1.0552646953611072e-13
VIF15_Corr0.7,BurnRCA,-0.1594731213131439,0.07662141949770734,-2.081312541043639,0.04134875963918383,*,-0.08320302557454584,TRUE,0.6640477868574374,0.6330368133365855,21.41331636721847,1.0552646953611072e-13
