Model,Variable,StdBetaCoefficient,StdError,tValue,pValue,Significance,TSCorrelation,DirectionMatch,RSquared,AdjRSquared,FStatistic,F_pValue
VIF15_Corr0.8,SLOPE,-1.1103351810977482,0.43300939614157724,-2.5642288388927055,0.012698170207372635,*,-0.28205644578558814,TRUE,0.6633936795029268,0.6265773631985594,18.01901292944484,5.469958154197182e-13
VIF15_Corr0.8,Solar,-0.07208684340510231,0.062115537996665075,-1.1605283594094056,0.2501444874364032,,0.20305213457716342,FALSE,0.6633936795029268,0.6265773631985594,18.01901292944484,5.469958154197182e-13
VIF15_Corr0.8,h2oHiCascP,-0.46097599306869974,0.05199621750792479,-8.865567827091306,9.713996774356122e-13,***,-0.7781816949824829,TRUE,0.6633936795029268,0.6265773631985594,18.01901292944484,5.469958154197182e-13
VIF15_Corr0.8,Shrub21,0.09923173392255519,0.061931111122348524,1.6022921617943704,0.11401563083584701,,0.01767321448277069,TRUE,0.6633936795029268,0.6265773631985594,18.01901292944484,5.469958154197182e-13
VIF15_Corr0.8,h2oKm2,-2.915902653391996e-5,2.1120846257116094e-5,-1.38058040757224,0.17221077099058107,,-0.004405605090907665,TRUE,0.6633936795029268,0.6265773631985594,18.01901292944484,5.469958154197182e-13
VIF15_Corr0.8,BurnRCA,-0.12070945545697515,0.0800455070745166,-1.5080103789536037,0.13647272121655454,,-0.08320302557454584,TRUE,0.6633936795029268,0.6265773631985594,18.01901292944484,5.469958154197182e-13
VIF15_Corr0.8,AgBuf,0.14540657590502484,0.11357046448725762,1.2803203417499378,0.20505349217449215,,0.4787381489022917,TRUE,0.6633936795029268,0.6265773631985594,18.01901292944484,5.469958154197182e-13
