Model,Variable,StdBetaCoefficient,StdError,tValue,pValue,Significance,TSCorrelation,DirectionMatch,RSquared,AdjRSquared,FStatistic,F_pValue
VIF10_Corr0.6,SLOPE,-1.4613170470278358,0.5802620367480112,-2.5183743799914278,0.01422221375721509,*,-0.28205644578558814,TRUE,0.2882517616054356,0.23433144051493837,5.345883625612086,3.476292041021709e-4
VIF10_Corr0.6,h2oLakesPe,-10.88750879536361,4.79801550204482,-2.2691691576910427,0.02653281677532473,*,-0.15386186555194964,TRUE,0.2882517616054356,0.23433144051493837,5.345883625612086,3.476292041021709e-4
VIF10_Corr0.6,WetlandBuf,-0.16333207444879613,0.11133596293003534,-1.4670199111803226,0.14711976142778058,,0.140769789496879,FALSE,0.2882517616054356,0.23433144051493837,5.345883625612086,3.476292041021709e-4
VIF10_Corr0.6,HiCascBuf,-0.4097324670218202,0.1428138138916655,-2.8689974439911787,0.005525282077518522,**,-0.4794946192899239,TRUE,0.2882517616054356,0.23433144051493837,5.345883625612086,3.476292041021709e-4
VIF10_Corr0.6,AbsAzimuth,-5.41550139445783e-4,3.5622842327551115e-4,-1.5202328170959616,0.13322900099208052,,-0.22773646346616594,TRUE,0.2882517616054356,0.23433144051493837,5.345883625612086,3.476292041021709e-4
