Model,Variable,StdBetaCoefficient,StdError,tValue,pValue,Significance,TSCorrelation,DirectionMatch,RSquared,AdjRSquared,FStatistic,F_pValue
VIF15_Corr0.8,SLOPE,-1.1771601049461904,0.4187489450417052,-2.811135690930401,0.006544345374785342,**,-0.28205644578558814,TRUE,0.672530528264126,0.6367135547930147,18.776866471048052,2.342673692450526e-13
VIF15_Corr0.8,h2oLakesPe,-4.569018303084431,4.056153888147956,-1.1264410643873892,0.2641849269949968,,-0.15386186555194964,TRUE,0.672530528264126,0.6367135547930147,18.776866471048052,2.342673692450526e-13
VIF15_Corr0.8,h2oHiCascP,-0.40179576085431107,0.048828523872620065,-8.22870996269483,1.2746751824443741e-11,***,-0.7781816949824829,TRUE,0.672530528264126,0.6367135547930147,18.776866471048052,2.342673692450526e-13
VIF15_Corr0.8,h2oWetland,6.706438682589773,2.8792888617724444,2.3291996755273092,0.02301724355060283,*,0.23553679911380548,TRUE,0.672530528264126,0.6367135547930147,18.776866471048052,2.342673692450526e-13
VIF15_Corr0.8,Shrub21,0.16583508500493097,0.05976816664469387,2.774638981161614,0.007235214691154628,**,0.01767321448277069,TRUE,0.672530528264126,0.6367135547930147,18.776866471048052,2.342673692450526e-13
VIF15_Corr0.8,h2oKm2,-2.8287627873334195e-5,2.196968544381109e-5,-1.287575461454906,0.2025304353439762,,-0.004405605090907665,TRUE,0.672530528264126,0.6367135547930147,18.776866471048052,2.342673692450526e-13
VIF15_Corr0.8,BurnRCA,-0.14354983110260663,0.07723315004364142,-1.8586556552658056,0.06767537007137069,.,-0.08320302557454584,TRUE,0.672530528264126,0.6367135547930147,18.776866471048052,2.342673692450526e-13
