Model,Variable,StdBetaCoefficient,StdError,tValue,pValue,Significance,TSCorrelation,DirectionMatch,RSquared,AdjRSquared,FStatistic,F_pValue
VIF10_Corr0.8,SLOPE,-1.2768065223399998,0.5632301466105303,-2.266935692316382,0.026676481940981617,*,-0.28205644578558814,TRUE,0.2752659573007841,0.2203618631569041,5.013577977981579,5.932192729492585e-4
VIF10_Corr0.8,h2oLakesPe,-12.256897623479626,4.893211166075388,-2.504878127569201,0.0147262353245036,*,-0.15386186555194964,TRUE,0.2752659573007841,0.2203618631569041,5.013577977981579,5.932192729492585e-4
VIF10_Corr0.8,WetlandBuf,-0.18883918740114633,0.11113212165258306,-1.699231370669662,0.09398486725773042,.,0.140769789496879,FALSE,0.2752659573007841,0.2203618631569041,5.013577977981579,5.932192729492585e-4
VIF10_Corr0.8,HiCascBuf,-0.47455317391858437,0.13666907327730163,-3.472279152399868,9.154798180407437e-4,***,-0.4794946192899239,TRUE,0.2752659573007841,0.2203618631569041,5.013577977981579,5.932192729492585e-4
VIF10_Corr0.8,RoadsBuf,-0.008000752996224164,0.007673519676703652,-1.0426444882279997,0.3009171425542891,,-0.009203320674332972,TRUE,0.2752659573007841,0.2203618631569041,5.013577977981579,5.932192729492585e-4
