Model,Variable,StdBetaCoefficient,StdError,tValue,pValue,Significance,TSCorrelation,DirectionMatch,RSquared,AdjRSquared,FStatistic,F_pValue
VIF15_Corr0.7,SLOPE,-1.4393956275318252,0.5749798447506449,-2.5033844936878733,0.014822482161432175,*,-0.28205644578558814,TRUE,0.3457311019036887,0.2853370497717216,5.724588592734776,7.948566361051786e-5
VIF15_Corr0.7,h2oLakesPe,-10.707336488339914,4.664198466248343,-2.295643413508598,0.02493123804889936,*,-0.15386186555194964,TRUE,0.3457311019036887,0.2853370497717216,5.724588592734776,7.948566361051786e-5
VIF15_Corr0.7,RoadsRCA,-0.018936781134846335,0.010569723717563316,-1.7916060666164615,0.07785105516033043,.,-0.03574874588454781,TRUE,0.3457311019036887,0.2853370497717216,5.724588592734776,7.948566361051786e-5
VIF15_Corr0.7,AgBuf,0.36972960972188756,0.15190817967801767,2.433901916970903,0.017694257196290277,*,0.4787381489022917,TRUE,0.3457311019036887,0.2853370497717216,5.724588592734776,7.948566361051786e-5
VIF15_Corr0.7,HiCascBuf,-0.35919775232476864,0.13794577956585263,-2.603905342049951,0.011408865510306631,*,-0.4794946192899239,TRUE,0.3457311019036887,0.2853370497717216,5.724588592734776,7.948566361051786e-5
VIF15_Corr0.7,AbsAzimuth,-6.441211455177498e-4,3.4055522059645596e-4,-1.8913853218565309,0.06303013909048114,.,-0.22773646346616594,TRUE,0.3457311019036887,0.2853370497717216,5.724588592734776,7.948566361051786e-5
