Model,Variable,StdBetaCoefficient,StdError,tValue,pValue,Significance,TSCorrelation,DirectionMatch,RSquared,AdjRSquared,FStatistic,F_pValue
VIF15_Corr0.8,SLOPE,-1.1073434346630366,0.43267218437650373,-2.559312742183227,0.012901050591961644,*,-0.28205644578558814,TRUE,0.6691833796639972,0.6271749199387905,15.929729012712674,1.446033672987901e-12
VIF15_Corr0.8,Solar,-0.0805948047781381,0.06259246712421326,-1.2876118881558003,0.20259111353878773,,0.20305213457716342,FALSE,0.6691833796639972,0.6271749199387905,15.929729012712674,1.446033672987901e-12
VIF15_Corr0.8,h2oHiCascP,-0.4544763346082447,0.05232203685807385,-8.686136127326897,2.2675177424887185e-12,***,-0.7781816949824829,TRUE,0.6691833796639972,0.6271749199387905,15.929729012712674,1.446033672987901e-12
VIF15_Corr0.8,Shrub21,0.09662764084235922,0.061931214767923785,1.5602413291012316,0.12371260356430727,,0.01767321448277069,TRUE,0.6691833796639972,0.6271749199387905,15.929729012712674,1.446033672987901e-12
VIF15_Corr0.8,h2oKm2,-2.8649227937604182e-5,2.1109524428507748e-5,-1.3571706948980007,0.17956946518379138,,-0.004405605090907665,TRUE,0.6691833796639972,0.6271749199387905,15.929729012712674,1.446033672987901e-12
VIF15_Corr0.8,BurnRCA,-0.12699882251800015,0.08020540016034043,-1.5834198478420896,0.11833336275056049,,-0.08320302557454584,TRUE,0.6691833796639972,0.6271749199387905,15.929729012712674,1.446033672987901e-12
VIF15_Corr0.8,WetlandsRC,-0.14855630222351945,0.14147719143507462,-1.0500371170549672,0.2977124022689221,,0.21157795842117938,FALSE,0.6691833796639972,0.6271749199387905,15.929729012712674,1.446033672987901e-12
VIF15_Corr0.8,AgBuf,0.14845834887491952,0.11351677091494218,1.3078098300220236,0.19569005977513065,,0.4787381489022917,TRUE,0.6691833796639972,0.6271749199387905,15.929729012712674,1.446033672987901e-12
