Model,Variable,StdBetaCoefficient,StdError,tValue,pValue,Significance,TSCorrelation,DirectionMatch,RSquared,AdjRSquared,FStatistic,F_pValue
VIF10_Corr0.6,SLOPE,-0.8388729881112548,0.3964699142899546,-2.115855347091363,0.03813402423912021,*,-0.28205644578558814,TRUE,0.6417090802467655,0.6145658287503084,23.641569998735196,1.547979765550062e-13
VIF10_Corr0.6,Solar,-0.12821316558086404,0.05851872684501965,-2.1909766752175313,0.031989328904219794,*,0.20305213457716342,FALSE,0.6417090802467655,0.6145658287503084,23.641569998735196,1.547979765550062e-13
VIF10_Corr0.6,h2oHiCascP,-0.4938057777020484,0.04986458972883543,-9.902934735598416,1.114866446365158e-14,***,-0.7781816949824829,TRUE,0.6417090802467655,0.6145658287503084,23.641569998735196,1.547979765550062e-13
VIF10_Corr0.6,BurnRCA,-0.09706511749410347,0.06776103570952077,-1.4324621292715176,0.15673112211214824,,-0.08320302557454584,TRUE,0.6417090802467655,0.6145658287503084,23.641569998735196,1.547979765550062e-13
VIF10_Corr0.6,WetlandsRC,-0.1559911052078758,0.1436421212838074,-1.0859704925943645,0.28144259599361676,,0.21157795842117938,FALSE,0.6417090802467655,0.6145658287503084,23.641569998735196,1.547979765550062e-13
