Model,Variable,StdBetaCoefficient,StdError,tValue,pValue,Significance,TSCorrelation,DirectionMatch,RSquared,AdjRSquared,FStatistic,F_pValue
VIF20_Corr0.7,SLOPE,-1.5296452089518973,0.5931269066284641,-2.578950966239119,0.012257374970133787,*,-0.28205644578558814,TRUE,0.36649697715932766,0.2860521488620994,4.555879910703415,2.063532320704608e-4
VIF20_Corr0.7,h2oLakesPe,-10.63373474404651,4.716606015317206,-2.2545310567627217,0.027648135561109684,*,-0.15386186555194964,TRUE,0.36649697715932766,0.2860521488620994,4.555879910703415,2.063532320704608e-4
VIF20_Corr0.7,h2oRdDens,-0.02363463096960825,0.022876516265329497,-1.0331394297753156,0.3054884356961134,,-0.025284195983681253,TRUE,0.36649697715932766,0.2860521488620994,4.555879910703415,2.063532320704608e-4
VIF20_Corr0.7,AgBuf,0.42306839654677203,0.16358551757110304,2.5862215850671735,0.012026554705718753,*,0.4787381489022917,TRUE,0.36649697715932766,0.2860521488620994,4.555879910703415,2.063532320704608e-4
VIF20_Corr0.7,WetlandBuf,-0.1673448988609494,0.10859269745113567,-1.5410327101990529,0.12831708687323806,,0.140769789496879,FALSE,0.36649697715932766,0.2860521488620994,4.555879910703415,2.063532320704608e-4
VIF20_Corr0.7,HiCascBuf,-0.34072714083310424,0.14179450353574308,-2.4029643768752638,0.019219839639659824,*,-0.4794946192899239,TRUE,0.36649697715932766,0.2860521488620994,4.555879910703415,2.063532320704608e-4
VIF20_Corr0.7,RoadsBuf,-0.008054576895451276,0.0073995063013651335,-1.0885289595557597,0.28050830790962605,,-0.009203320674332972,TRUE,0.36649697715932766,0.2860521488620994,4.555879910703415,2.063532320704608e-4
VIF20_Corr0.7,AbsAzimuth,-7.522847261126319e-4,4.021482256683068e-4,-1.8706652873140335,0.06603785544458773,.,-0.22773646346616594,TRUE,0.36649697715932766,0.2860521488620994,4.555879910703415,2.063532320704608e-4
