Model,Variable,StdBetaCoefficient,StdError,tValue,pValue,Significance,TSCorrelation,DirectionMatch,RSquared,AdjRSquared,FStatistic,F_pValue
VIF20_Corr0.8,SLOPE,-0.9959834771953264,0.4220520142976858,-2.359859551559514,0.021392575216767913,*,-0.28205644578558814,TRUE,0.6897739995328414,0.6503802216957418,17.509719488828495,2.083127726609475e-13
VIF20_Corr0.8,Solar,-0.11372231169782716,0.06077180736899008,-1.8713004700902813,0.06594840142970573,.,0.20305213457716342,FALSE,0.6897739995328414,0.6503802216957418,17.509719488828495,2.083127726609475e-13
VIF20_Corr0.8,h2oLakesPe,-6.15748665443121,4.068662336553732,-1.5133933821715884,0.13518063834040328,,-0.15386186555194964,TRUE,0.6897739995328414,0.6503802216957418,17.509719488828495,2.083127726609475e-13
VIF20_Corr0.8,h2oHiCascP,-0.43648333551359214,0.051362801528421,-8.498043769518086,4.81791135692741e-12,***,-0.7781816949824829,TRUE,0.6897739995328414,0.6503802216957418,17.509719488828495,2.083127726609475e-13
VIF20_Corr0.8,h2oWetland,7.525326606892018,2.858307876823422,2.63279077383899,0.010639354165185367,*,0.23553679911380548,TRUE,0.6897739995328414,0.6503802216957418,17.509719488828495,2.083127726609475e-13
VIF20_Corr0.8,Shrub21,0.13128940524213284,0.06147071366131324,2.135804148386847,0.03658850404337795,*,0.01767321448277069,TRUE,0.6897739995328414,0.6503802216957418,17.509719488828495,2.083127726609475e-13
VIF20_Corr0.8,h2oKm2,-2.3944186747266278e-5,2.1677102842590454e-5,-1.1045842666862997,0.2735406672897123,,-0.004405605090907665,TRUE,0.6897739995328414,0.6503802216957418,17.509719488828495,2.083127726609475e-13
VIF20_Corr0.8,BurnRCA,-0.11552471834821773,0.07723243695477017,-1.4958056860988702,0.1396972288824333,,-0.08320302557454584,TRUE,0.6897739995328414,0.6503802216957418,17.509719488828495,2.083127726609475e-13
