Model,Variable,StdBetaCoefficient,StdError,tValue,pValue,Significance,TSCorrelation,DirectionMatch,RSquared,AdjRSquared,FStatistic,F_pValue
VIF20_Corr0.6,SLOPE,-0.8937365199128695,0.5529281351282803,-1.6163701268439181,0.1110113807415535,,-0.28205644578558814,TRUE,0.475686400809868,0.40910689615080365,7.144637125880244,1.097676077965411e-6
VIF20_Corr0.6,h2oLakesPe,-9.901686513721994,4.2562180203326,-2.3264049130989375,0.02322711877239111,*,-0.15386186555194964,TRUE,0.475686400809868,0.40910689615080365,7.144637125880244,1.097676077965411e-6
VIF20_Corr0.6,h2oRdDens,-0.03815127266528795,0.020497540009987762,-1.861261041407804,0.06737429582543467,.,-0.025284195983681253,TRUE,0.475686400809868,0.40910689615080365,7.144637125880244,1.097676077965411e-6
VIF20_Corr0.6,AgricultRC,0.40195148382639895,0.09027531422423442,4.45250716965652,3.5402073199077426e-5,***,0.61451324597154,TRUE,0.475686400809868,0.40910689615080365,7.144637125880244,1.097676077965411e-6
VIF20_Corr0.6,WetlandsRC,-0.3507724487617699,0.17621669388488514,-1.9905744514246453,0.05086999979280606,.,0.21157795842117938,FALSE,0.475686400809868,0.40910689615080365,7.144637125880244,1.097676077965411e-6
VIF20_Corr0.6,HiCascBuf,-0.3353137710496105,0.13437779049916251,-2.495306477387722,0.015216980111715803,*,-0.4794946192899239,TRUE,0.475686400809868,0.40910689615080365,7.144637125880244,1.097676077965411e-6
VIF20_Corr0.6,Azimuth,-1.2599291549671122e-4,1.1794107622079912e-4,-1.0682700169772754,0.2894750606831556,,0.09167430422954445,FALSE,0.475686400809868,0.40910689615080365,7.144637125880244,1.097676077965411e-6
VIF20_Corr0.6,AbsAzimuth,-5.106629208813197e-4,3.576598988396402e-4,-1.4277891442067416,0.15829103257703253,,-0.22773646346616594,TRUE,0.475686400809868,0.40910689615080365,7.144637125880244,1.097676077965411e-6
