Model,Variable,StdBetaCoefficient,StdError,tValue,pValue,Significance,TSCorrelation,DirectionMatch,RSquared,AdjRSquared,FStatistic,F_pValue
VIF20_Corr0.6,SLOPE,-0.8184814835922315,0.3855849741679523,-2.1227006715145467,0.03771531302640297,*,-0.28205644578558814,TRUE,0.6928702047342704,0.6538695958116381,17.76562530366527,1.5383909522345652e-13
VIF20_Corr0.6,Solar,-0.13425533325998104,0.060908111455084166,-2.204227483871106,0.031169398655951367,*,0.20305213457716342,FALSE,0.6928702047342704,0.6538695958116381,17.76562530366527,1.5383909522345652e-13
VIF20_Corr0.6,h2oLakesPe,-8.406749849780738,3.898095088389153,-2.156630266619468,0.034858010916784476,*,-0.15386186555194964,TRUE,0.6928702047342704,0.6538695958116381,17.76562530366527,1.5383909522345652e-13
VIF20_Corr0.6,h2oHiCascP,-0.4290381520012438,0.05165683259044658,-8.305545084477172,1.0435998697247421e-11,***,-0.7781816949824829,TRUE,0.6928702047342704,0.6538695958116381,17.76562530366527,1.5383909522345652e-13
VIF20_Corr0.6,h2oWetland,7.7763546737935,2.8466954437142693,2.7317129027498575,0.008163962483366627,**,0.23553679911380548,TRUE,0.6928702047342704,0.6538695958116381,17.76562530366527,1.5383909522345652e-13
VIF20_Corr0.6,Shrub21,0.12550393525635162,0.06106255017531719,2.055333995976523,0.043997697760488945,*,0.01767321448277069,TRUE,0.6928702047342704,0.6538695958116381,17.76562530366527,1.5383909522345652e-13
VIF20_Corr0.6,BurnRCA,-0.13380589696257833,0.0762972351993756,-1.7537450290685417,0.08433775429454292,.,-0.08320302557454584,TRUE,0.6928702047342704,0.6538695958116381,17.76562530366527,1.5383909522345652e-13
VIF20_Corr0.6,WetlandsRC,-0.1886734116242231,0.13806340929840513,-1.3665707125660747,0.17661744312774966,,0.21157795842117938,FALSE,0.6928702047342704,0.6538695958116381,17.76562530366527,1.5383909522345652e-13
