Model,Variable,StdBetaCoefficient,StdError,tValue,pValue,Significance,TSCorrelation,DirectionMatch,RSquared,AdjRSquared,FStatistic,F_pValue
VIF20_Corr0.8,SLOPE,-1.165331763664189,0.42755485102104435,-2.7255725455605484,0.008182417114270889,**,-0.28205644578558814,TRUE,0.6281596124001475,0.6059601862747832,28.29620949896687,8.917071861356727e-14
VIF20_Corr0.8,h2oHiCascP,-0.42706431736341993,0.045985861251298235,-9.286861347005074,1.175800102288045e-13,***,-0.7781816949824829,TRUE,0.6281596124001475,0.6059601862747832,28.29620949896687,8.917071861356727e-14
VIF20_Corr0.8,h2oKm2,-3.107542866732864e-5,2.1067313170327673e-5,-1.475054194907822,0.14488191362529565,,-0.004405605090907665,TRUE,0.6281596124001475,0.6059601862747832,28.29620949896687,8.917071861356727e-14
VIF20_Corr0.8,AgBuf,0.17431870694228027,0.11310410827461138,1.5412234763306984,0.1279725077792354,,0.4787381489022917,TRUE,0.6281596124001475,0.6059601862747832,28.29620949896687,8.917071861356727e-14
