Model,Variable,StdBetaCoefficient,StdError,tValue,pValue,Significance,TSCorrelation,DirectionMatch,RSquared,AdjRSquared,FStatistic,F_pValue
VIF20_Corr0.8,SLOPE,-0.9414539431760364,0.4160965891589551,-2.2625851009232547,0.02700994178106918,*,-0.28205644578558814,TRUE,0.6772417010156094,0.6474486272632042,22.7315149367874,2.979802704550852e-14
VIF20_Corr0.8,h2oRdDens,-0.020002090205097873,0.014312569707448451,-1.3975191467321566,0.16700943701679136,,-0.025284195983681253,TRUE,0.6772417010156094,0.6474486272632042,22.7315149367874,2.979802704550852e-14
VIF20_Corr0.8,h2oHiCascP,-0.38549013554886036,0.04620137255301252,-8.343694445582544,7.162368004154479e-12,***,-0.7781816949824829,TRUE,0.6772417010156094,0.6474486272632042,22.7315149367874,2.979802704550852e-14
VIF20_Corr0.8,h2oKm2,-3.689835559569237e-5,2.01401739117665e-5,-1.8320773076410841,0.07152176973918847,.,-0.004405605090907665,TRUE,0.6772417010156094,0.6474486272632042,22.7315149367874,2.979802704550852e-14
VIF20_Corr0.8,AgricultRC,0.258714503370719,0.07351212921139891,3.519344442149586,7.956184158853798e-4,***,0.61451324597154,TRUE,0.6772417010156094,0.6474486272632042,22.7315149367874,2.979802704550852e-14
VIF20_Corr0.8,Azimuth,-9.72005394050126e-5,8.75396288604e-5,-1.1103604238489395,0.2709345089056128,,0.09167430422954445,FALSE,0.6772417010156094,0.6474486272632042,22.7315149367874,2.979802704550852e-14
