Model,Variable,StdBetaCoefficient,StdError,tValue,pValue,Significance,TSCorrelation,DirectionMatch,RSquared,AdjRSquared,FStatistic,F_pValue
VIF5_Corr0.8,SLOPE,-1.0375949956877961,0.6101697058518771,-1.7005023122856895,0.09353988981744575,.,-0.28205644578558814,TRUE,0.07735905722115734,0.05061584148843734,2.892661002113865,0.062176881543243266
VIF5_Corr0.8,WetlandsRC,-0.3866897951040639,0.21710819840348608,-1.7810925517672893,0.07929857637326956,.,0.21157795842117938,FALSE,0.07735905722115734,0.05061584148843734,2.892661002113865,0.062176881543243266
