Model,Variable,StdBetaCoefficient,StdError,tValue,pValue,Significance,TSCorrelation,DirectionMatch,RSquared,AdjRSquared,FStatistic,F_pValue
VIF5_Corr0.6,AbsAzimuth,-7.072997873230553e-4,0.00035595425513127333,-1.9870524853318814,0.05083113554819826,.,-0.22773646346616594,TRUE,0.05339370123733615,0.03987075411215524,3.9483775794636067,0.05083113554819826
