Variable,TSCorrelation,CorrelationDirection,StdCoefficient,StdCoefficientDirection,DirectionMatch
SLOPE,-0.28205644578558814,Negative,-0.1552943522752953,Negative,TRUE
Solar,0.20305213457716342,Positive,-0.19306681573744564,Negative,FALSE
h2oLakesPe,-0.15386186555194964,Negative,-0.18365894710467032,Negative,TRUE
h2oHiCascP,-0.7781816949824829,Negative,-0.7172532799681107,Negative,TRUE
h2oWetland,0.23553679911380548,Positive,0.2332225094407004,Positive,TRUE
Shrub21,0.01767321448277069,Positive,0.18659953125979606,Positive,TRUE
BurnRCA,-0.08320302557454584,Negative,-0.14796045521233675,Negative,TRUE
WetlandsRC,0.21157795842117938,Positive,-0.1006078628015936,Negative,FALSE
