Variable,TSCorrelation,CorrelationDirection,StdCoefficient,StdCoefficientDirection,DirectionMatch
SLOPE,-0.28205644578558814,Negative,-0.16530909873409233,Negative,TRUE
Solar,0.20305213457716342,Positive,-0.11117060835668191,Negative,FALSE
h2oHiCascP,-0.7781816949824829,Negative,-0.7893891284788295,Negative,TRUE
Shrub21,0.01767321448277069,Positive,0.13668837905453443,Positive,TRUE
BurnRCA,-0.08320302557454584,Negative,-0.15160789973581618,Negative,TRUE
AgBuf,0.4787381489022917,Positive,0.09527538988196502,Positive,TRUE
