Variable,TSCorrelation,CorrelationDirection,StdCoefficient,StdCoefficientDirection,DirectionMatch
SLOPE,-0.28205644578558814,Negative,-0.2106691308400469,Negative,TRUE
Solar,0.20305213457716342,Positive,-0.1036649865211392,Negative,FALSE
h2oHiCascP,-0.7781816949824829,Negative,-0.7706460170799063,Negative,TRUE
Shrub21,0.01767321448277069,Positive,0.14753796363615215,Positive,TRUE
h2oKm2,-0.004405605090907665,Negative,-0.11183346029282101,Negative,TRUE
BurnRCA,-0.08320302557454584,Negative,-0.13347861628880467,Negative,TRUE
AgBuf,0.4787381489022917,Positive,0.0992471129025875,Positive,TRUE
