Variable,TSCorrelation,CorrelationDirection,StdCoefficient,StdCoefficientDirection,DirectionMatch
SLOPE,-0.28205644578558814,Negative,-0.2101014926783241,Negative,TRUE
Solar,0.20305213457716342,Positive,-0.11589991954632006,Negative,FALSE
h2oHiCascP,-0.7781816949824829,Negative,-0.7597800805013329,Negative,TRUE
Shrub21,0.01767321448277069,Positive,0.14366619222811697,Positive,TRUE
h2oKm2,-0.004405605090907665,Negative,-0.10987823243183276,Negative,TRUE
BurnRCA,-0.08320302557454584,Negative,-0.14043329941167923,Negative,TRUE
WetlandsRC,0.21157795842117938,Positive,-0.07921588921168936,Negative,FALSE
AgBuf,0.4787381489022917,Positive,0.101330097489846,Positive,TRUE
