Variable,TSCorrelation,CorrelationDirection,StdCoefficient,StdCoefficientDirection,DirectionMatch
SLOPE,-0.28205644578558814,Negative,-0.2233481388236409,Negative,TRUE
h2oLakesPe,-0.15386186555194964,Negative,-0.09981754017200123,Negative,TRUE
h2oHiCascP,-0.7781816949824829,Negative,-0.6717102570150959,Negative,TRUE
h2oWetland,0.23553679911380548,Positive,0.20113440353161877,Positive,TRUE
Shrub21,0.01767321448277069,Positive,0.24656397478805325,Positive,TRUE
h2oKm2,-0.004405605090907665,Negative,-0.1084913896172286,Negative,TRUE
BurnRCA,-0.08320302557454584,Negative,-0.15873514424805857,Negative,TRUE
