Variable,TSCorrelation,CorrelationDirection,StdCoefficient,StdCoefficientDirection,DirectionMatch
SLOPE,-0.28205644578558814,Negative,-0.17862649703555605,Negative,TRUE
h2oRdDens,-0.025284195983681253,Negative,-0.11069576529926567,Negative,TRUE
h2oHiCascP,-0.7781816949824829,Negative,-0.6444509953906621,Negative,TRUE
h2oKm2,-0.004405605090907665,Negative,-0.14151606812322878,Negative,TRUE
AgricultRC,0.61451324597154,Positive,0.3127209989710838,Positive,TRUE
Azimuth,0.09167430422954445,Positive,-0.0818896229109924,Negative,FALSE
