Variable,TSCorrelation,CorrelationDirection,StdCoefficient,StdCoefficientDirection,DirectionMatch
SLOPE,-0.28205644578558814,Negative,-0.15391487109647345,Negative,TRUE
Solar,0.20305213457716342,Positive,-0.1738754889072683,Negative,FALSE
h2oLakesPe,-0.15386186555194964,Negative,-0.1650331259684564,Negative,TRUE
h2oHiCascP,-0.7781816949824829,Negative,-0.7362314320065715,Negative,TRUE
h2oWetland,0.23553679911380548,Positive,0.22762475062356283,Positive,TRUE
Shrub21,0.01767321448277069,Positive,0.18907351378139478,Positive,TRUE
BurnRCA,-0.08320302557454584,Negative,-0.14051999848901672,Negative,TRUE
