Model.Name,Landscape.EV,Estimate,Standardized.Coefficient,Std.Error,t.Value,p.Value,Significance,Correlation.w..thermal.sensitivity,R.Squared,Adjusted.R.Squared,F.statistic,F.p.Value,X..of.Significant.EVs,Total...of.EVs
model4Daymet,AgBuf,0.155207615441081,0.10593680263184048,0.11588709898428917,1.339300205125702,0.18499875918131553,,0.4787381489022917,0.6221876627507105,0.5996317023179171,27.58417956107652,1.5068448008955941e-13,2,4
model4Daymet,BurnRCA,-0.07255592901838502,-0.08023120452543751,0.06974123598692823,-1.0403590930333433,0.3019128712202766,,-0.08320302557454584,0.6221876627507105,0.5996317023179171,27.58417956107652,1.5068448008955941e-13,2,4
model4Daymet,SLOPE,-0.8930080436797723,-0.16943462802754003,0.4024567218541967,-2.2188921073687373,0.02988543645336191,*,-0.28205644578558814,0.6221876627507105,0.5996317023179171,27.58417956107652,1.5068448008955941e-13,2,4
model4Daymet,h2oHiCascP,-0.440406434599309,-0.7362584382344158,0.046307569365536344,-9.510463205764246,4.7036021699831917e-14,***,-0.7781816949824829,0.6221876627507105,0.5996317023179171,27.58417956107652,1.5068448008955941e-13,2,4
