Model.Name,Landscape.EV,Estimate,Standardized.Coefficient,Std.Error,t.Value,p.Value,Significance,Correlation.w..thermal.sensitivity,R.Squared,Adjusted.R.Squared,F.statistic,F.p.Value,X..of.Significant.EVs,Total...of.EVs
model4,SLOPE,-0.9623777190915024,-0.18259646372763644,0.39438346926919327,-2.4402080565770743,0.017371761473320285,*,-0.28205644578558814,0.6451923498441875,0.6183129824081411,24.003256452343305,1.1301048912718053e-13,3,5
model4,h2oHiCascP,-0.44070402516270607,-0.7367559413275288,0.04521453175825029,-9.746955415109234,2.090043968616489e-14,***,-0.7781816949824829,0.6451923498441875,0.6183129824081411,24.003256452343305,1.1301048912718053e-13,3,5
model4,Shrub21,0.12009508431138202,0.17855763959381857,0.0580552615566513,2.0686339375836114,0.04250170968220515,*,0.01767321448277069,0.6451923498441875,0.6183129824081411,24.003256452343305,1.1301048912718053e-13,3,5
model4,BurnRCA,-0.15449892410444183,-0.17084247898807248,0.07877825115683305,-1.961187533813905,0.054078437625251954,.,-0.08320302557454584,0.6451923498441875,0.6183129824081411,24.003256452343305,1.1301048912718053e-13,3,5
model4,AgBuf,0.16264230807868177,0.11101134465311713,0.11320820658968808,1.4366653529647606,0.15553671360581442,,0.4787381489022917,0.6451923498441875,0.6183129824081411,24.003256452343305,1.1301048912718053e-13,3,5
